modelo,mae_promedio,wape_promedio,bias_promedio,pinball_promedio,desviacion_wape,semanas_evaluadas
media_movil_4,10.821875,0.11640824262710693,-0.0013287128252653423,5.4109375,0.006172534272288969,4
catboost_6_lags_p50,11.09805135936299,0.1193843466110189,-0.0013541649215378282,5.549025679681495,0.006644671056752348,4
media_movil_2,11.22421875,0.1207512930955678,-0.001307133727698099,5.612109375,0.007967214815736758,4
catboost_4_lags_p50,11.28515833470765,0.12140517006988075,-0.0028061372295936264,5.642579167353825,0.004079441305597052,4
catboost_dos_lags_p50,11.666382550157763,0.12551422439758803,-0.006712416129493863,5.833191275078882,0.00713829755803803,4
naive_lag_1,12.2140625,0.13138654704731317,-0.001090844705590856,6.10703125,0.009271736885201644,4
